idx,knowcode
6,232101
14,301004
20,541301
26,550201
32,301004
35,411202
49,420301
55,158201
64,306501
71,140601
74,622304
77,531601
90,140204
96,211101
114,882201
115,211101
118,306501
120,221301
127,132004
129,31501
131,14301
139,822101
142,158501
143,621402
146,306901
147,531501
149,156101
155,151108
159,612501
164,702301
165,307501
178,306903
183,511301
189,871101
198,221201
204,301401
211,306301
214,140204
215,621401
221,621202
231,306903
236,132002
240,29202
241,705901
245,212101
247,157101
250,29203
255,612501
266,301301
267,531201
278,531301
281,531501
285,231301
286,301004
289,132004
295,155305
306,415101
309,140204
316,301301
319,23402
321,415503
323,705902
341,307301
342,414902
346,415101
364,301401
375,306101
376,14103
379,212101
391,811401
398,21001
401,301004
403,420402
405,307501
408,140701
411,307301
415,157101
420,306701
421,303001
424,122103
425,521304
427,23201
428,140502
441,134301
444,307401
445,521303
453,221201
454,531201
457,23401
459,621202
461,31501
464,702201
476,29902
478,531301
502,622304
507,420401
508,511501
517,903101
518,21001
519,306401
521,301004
541,885101
542,621202
543,157101
544,811201
559,212101
561,621901
602,307601
604,301004
614,301004
619,811401
625,306401
626,415101
629,622304
635,884102
645,705901
648,140204
649,232101
654,155501
655,301004
666,306701
669,29901
678,22201
690,140204
694,306201
697,612501
705,23401
709,23301
715,541101
716,621901
717,303001
721,221301
728,305001
738,621403
739,29203
750,612501
751,531401
752,221101
756,531301
760,621301
766,32301
774,414902
775,413201
776,32201
779,306201
784,303001
800,29202
810,621202
819,903101
823,212101
829,307301
838,140204
839,420401
840,531401
851,612501
860,307301
864,823301
873,415404
874,159104
882,303001
890,531401
911,22201
913,159104
925,306301
943,413202
948,621202
952,621401
959,531701
960,301401
971,813201
972,302001
986,624301
988,521304
989,621202
992,811601
995,221401
996,212201
998,221401
1001,306902
1004,811901
1014,702401
1015,702501
1019,212101
1021,812301
1027,31403
1029,136001
1031,231301
1032,812301
1037,702201
1038,420402
1041,158201
1045,550201
1046,158501
1051,211101
1068,885101
1069,521304
1074,621401
1080,821101
1081,231401
1090,872101
1099,214301
1106,231401
1109,306501
1128,24404
1129,211101
1136,884102
1139,23201
1145,306502
1149,155305
1151,22201
1152,302001
1158,305001
1175,211101
1182,27101
1183,885101
1187,531601
1193,132004
1200,211101
1203,702401
1204,521304
1210,306501
1212,814001
1213,622304
1214,705901
1221,622304
1228,621901
1230,835201
1233,415502
1237,14301
1248,301111
1256,611001
1258,415503
1259,301004
1261,221101
1275,305001
1281,212101
1284,521304
1304,301004
1305,301004
1307,420401
1308,140204
1310,611001
1321,211101
1326,232101
1329,611001
1330,155305
1350,122103
1354,212101
1355,814001
1364,511301
1373,31403
1385,231301
1390,531201
1397,221101
1409,813201
1423,15101
1432,28402
1439,231401
1440,885201
1453,301004
1454,611001
1460,221401
1462,133204
1471,612501
1472,13203
1474,550201
1482,301004
1484,303001
1496,622304
1498,621403
1499,842201
1502,301004
1507,306401
1511,862201
1516,231401
1518,240101
1519,622101
1522,302001
1523,521304
1524,306201
1526,12102
1532,702502
1543,512301
1547,615203
1563,23402
1569,306502
1571,622304
1575,621401
1576,157101
1579,521304
1587,811901
1593,531401
1595,140601
1598,301004
1602,413201
1604,24404
1607,882201
1608,415101
1611,415101
1614,140502
1615,303001
1618,231401
1636,512301
1649,140204
1660,611001
1662,531301
1676,306701
1680,306201
1686,301004
1688,158201
1706,702502
1708,306701
1719,521304
1733,306904
1741,622304
1746,701701
1748,301109
1753,811201
1760,622304
1773,301004
1779,307301
1790,24404
1794,301301
1806,306701
1809,511501
1814,158501
1815,231201
1821,301301
1824,307601
1831,306501
1833,306101
1842,511501
1845,705902
1850,821101
1853,23301
1861,415101
1867,158201
1872,702502
1874,622101
1877,811901
1883,301004
1886,155305
1894,420201
1905,221301
1923,221401
1929,28201
1937,531201
1939,413202
1940,415101
1941,23401
1951,306201
1954,301004
1965,811401
1978,23401
1984,301004
1986,306601
1988,31201
1997,306902
2005,811201
2006,31501
2012,31403
2017,811501
2028,621901
2029,132004
2036,531601
2038,232101
2049,621102
2067,23301
2086,835201
2094,31403
2095,28203
2109,301004
2117,302001
2125,22201
2126,420402
2143,307601
2144,140204
2161,157101
2167,622304
2168,303001
2171,531301
2174,612501
2177,155305
2179,303001
2195,621901
2200,153106
2240,221101
2241,622304
2247,231401
2248,232101
2253,306903
2265,621401
2272,306501
2286,305001
2289,231401
2293,306701
2317,521304
2322,531601
2328,531201
2332,521304
2338,814001
2341,301004
2342,29203
2349,231301
2350,531501
2354,306301
2355,23402
2356,301004
2358,511101
2360,306301
2366,306401
2369,531301
2371,413101
2378,307601
2382,31403
2383,871101
2385,155401
2390,413101
2392,231401
2393,221101
2404,306101
2412,301004
2422,306501
2433,301301
2444,612501
2448,621401
2453,705901
2481,871101
2488,307501
2494,413202
2507,811601
2514,212101
2517,212101
2526,307601
2527,140204
2532,415404
2536,301401
2542,301301
2548,882201
2555,413201
2560,307301
2565,621102
2566,301301
2571,31501
2572,413101
2574,822101
2575,132004
2588,302001
2589,621102
2599,231102
2601,621901
2612,521303
2614,885101
2615,511301
2618,621101
2626,214101
2628,812301
2629,826401
2630,221301
2638,302001
2639,531601
2645,812401
2653,415101
2672,23301
2675,702201
2678,411202
2679,302001
2682,232101
2690,301301
2697,531201
2699,212101
2700,306201
2701,903101
2703,622101
2706,212101
2709,14301
2710,702502
2718,306903
2736,531201
2737,622304
2738,131101
2742,301004
2743,158501
2744,134301
2751,221101
2755,811201
2756,811501
2762,811201
2763,221401
2764,306301
2768,151108
2773,702502
2777,306301
2783,211101
2789,212101
2791,884201
2800,221401
2802,110105
2807,521304
2818,151301
2819,621101
2832,531401
2839,811601
2846,863201
2870,306201
2877,301004
2888,14301
2892,811201
2893,623001
2894,140502
2895,28203
2900,306502
2904,702502
2905,512301
2908,415101
2910,231401
2917,28301
2919,812301
2921,811401
2922,22201
2926,13202
2927,306301
2930,306301
2932,521304
2939,140502
2945,301004
2946,306501
2947,140204
2950,811601
2953,884201
2957,811201
2960,841101
2961,29202
2966,221301
2968,811601
2973,611001
2976,221102
2995,531401
3000,132004
3004,301004
3018,811601
3024,415404
3026,622101
3031,835201
3035,22201
3038,811901
3048,301301
3054,511101
3059,221301
3068,122103
3076,824101
3077,231401
3092,306601
3096,415404
3103,811601
3104,306601
3107,14301
3116,511101
3117,306201
3124,221301
3125,420402
3129,885101
3143,301401
3154,702201
3156,414902
3157,872101
3161,13305
3162,884201
3170,521304
3173,301004
3176,511101
3178,140204
3183,21001
3186,531501
3187,31501
3203,306903
3206,511301
3213,702401
3214,521201
3219,611001
3240,872101
3246,811401
3249,140601
3259,622304
3262,821201
3263,621403
3271,307301
3279,306101
3286,110105
3292,611001
3294,306501
3302,14301
3303,511301
3306,14301
3307,812301
3318,415101
3320,885101
3321,132004
3322,413101
3323,301111
3326,232101
3328,211101
3335,531301
3336,23402
3354,301004
3358,621202
3359,511501
3377,301111
3382,621101
3383,22201
3391,301111
3392,155501
3394,306301
3396,306904
3407,301107
3410,306501
3411,622101
3418,872101
3427,151108
3428,413101
3438,301109
3444,811401
3446,155203
3460,521304
3461,884102
3467,31501
3473,814001
3480,306101
3484,623001
3501,705901
3522,531501
3523,231301
3529,301301
3539,221401
3541,521303
3545,23402
3552,826401
3554,140601
3559,705201
3565,705901
3572,14301
3574,621101
3576,303001
3602,885201
3603,22201
3605,21001
3607,221401
3608,621102
3617,14301
3620,221301
3622,511301
3627,306701
3630,301301
3631,211101
3637,121105
3645,813201
3649,811401
3651,213001
3654,531501
3659,884201
3660,420402
3663,823301
3664,306401
3673,511501
3676,420401
3677,863201
3685,159104
3688,306401
3689,22201
3691,903101
3695,153201
3699,23301
3706,521304
3709,240201
3717,305001
3724,306903
3730,621401
3731,158501
3732,307501
3738,301004
3741,307401
3744,307401
3746,307301
3752,531601
3762,301004
3771,301004
3772,23301
3776,307601
3780,903101
3781,411101
3782,122103
3790,301004
3796,231401
3799,301004
3803,301004
3810,153201
3813,302001
3815,621202
3819,702201
3822,221201
3831,301004
3832,415502
3842,622101
3849,511301
3853,622304
3862,14301
3874,211101
3877,511501
3886,32101
3887,612501
3888,811401
3891,12402
3892,621102
3903,307601
3904,885201
3919,140204
3923,302001
3927,306903
3935,301004
3939,531201
3944,623001
3948,212101
3953,420401
3956,621202
3959,882201
3960,705901
3961,140501
3963,301004
3964,622304
3970,621401
3973,23402
3974,621101
3977,511301
3978,811401
3989,302001
3995,301004
4000,157101
4001,306101
4003,812301
4005,154103
4007,307501
4015,811201
4018,307501
4022,221201
4024,13305
4027,221301
4029,212101
4040,301004
4042,306101
4043,132004
4080,511301
4097,306701
4098,811901
4107,301101
4113,140601
4115,623001
4117,622304
4134,550201
4135,811401
4139,621401
4142,561501
4156,307601
4165,415101
4166,307501
4168,702502
4170,231201
4175,420401
4176,531701
4179,306301
4182,411101
4223,31501
4224,32501
4226,705902
4230,155305
4239,885201
4246,140501
4252,413201
4259,29501
4261,621402
4288,420402
4289,14301
4290,155305
4307,23403
4309,305001
4310,303001
4329,29902
4333,140601
4335,221401
4338,306301
4340,221101
4341,814001
4342,212101
4346,303001
4350,621102
4354,306904
4355,301301
4359,622304
4370,29902
4382,622201
4388,301301
4391,212101
4393,306601
4399,550201
4406,415101
4413,541101
4414,221101
4417,23201
4425,811901
4426,211101
4433,301109
4441,306101
4442,221101
4444,23201
4453,140204
4456,413201
4470,211101
4479,151108
4491,301004
4495,23301
4496,884201
4497,511101
4498,221301
4500,14301
4532,826401
4552,811601
4556,821101
4557,211101
4558,307501
4559,14301
4564,231301
4568,221201
4570,306601
4571,159104
4580,122104
4583,306904
4592,511301
4593,306301
4598,211101
4600,511101
4611,155203
4614,13202
4615,811901
4622,301004
4627,212101
4633,306701
4644,301004
4650,306201
4653,705902
4671,871101
4684,212101
4699,621301
4704,413101
4718,156101
4721,415404
4736,821101
4737,306401
4752,303001
4753,541101
4773,24402
4775,307501
4776,24404
4780,231401
4783,871101
4785,23201
4789,884101
4800,622304
4805,621202
4806,511101
4816,301004
4827,413101
4829,531201
4833,420301
4835,615203
4836,307501
4837,512301
4844,531601
4846,306701
4851,301004
4862,420301
4878,132004
4891,306902
4904,413201
4909,622304
4912,531201
4913,812101
4917,212101
4920,531601
4927,531201
4930,622304
4933,612501
4935,702401
4943,622304
4945,212101
4953,301004
4956,28203
4958,622304
4968,12201
4969,621202
4971,612501
4974,29203
4975,212101
4978,140204
4980,14103
4981,221201
4983,621202
4991,231201
4999,307501
5002,22201
5009,211101
5013,420402
5017,413101
5036,705902
5041,306101
5054,702101
5061,531601
5063,212101
5064,623001
5066,155203
5076,302001
5081,306401
5083,811401
5084,31501
5086,13701
5090,420402
5092,231401
5094,33202
5097,232101
5104,23301
5110,306701
5117,232101
5131,511501
5144,307601
5145,22201
5147,306501
5174,221301
5184,132004
5187,612101
5189,140601
5190,306502
5199,131203
5219,415404
5221,29902
5228,512301
5229,23403
5232,521303
5254,23201
5260,306201
5271,306903
5274,307501
5276,814001
5278,307401
5279,301004
5299,811601
5303,306101
5319,212901
5350,306904
5351,415101
5356,621401
5365,811601
5366,155401
5377,231401
5378,140204
5388,306301
5395,301107
5401,212101
5408,140201
5413,21001
5418,531501
5419,521304
5420,705901
5421,621101
5428,414901
5435,28203
5438,621403
5449,621202
5453,882201
5454,531301
5455,23301
5458,140204
5462,306904
5465,303001
5468,624301
5475,811601
5477,415201
5482,32501
5504,531701
5511,302001
5512,531201
5526,531501
5547,211101
5550,301004
5556,415201
5582,812301
5585,531601
5586,232101
5590,531501
5607,151108
5611,307301
5618,306101
5619,232101
5636,214301
5639,306401
5640,301004
5649,413101
5655,420402
5656,531401
5660,511101
5671,307501
5676,221201
5690,211101
5694,307601
5695,221401
5696,835201
5701,621901
5709,28203
5715,882201
5720,306502
5721,622304
5748,306501
5751,811901
5753,159104
5758,214101
5759,301004
5762,811201
5767,231401
5776,521304
5782,612501
5801,24404
5815,884201
5816,221401
5820,415202
5825,420301
5826,23402
5832,31501
5840,212101
5841,232101
5843,31302
5852,158501
5854,157101
5859,221201
5860,302001
5862,521303
5875,28203
5877,884201
5878,303001
5881,231201
5884,306903
5890,23401
5894,622304
5900,221401
5904,306903
5910,158501
5915,231301
5916,863201
5922,307501
5925,531201
5926,521201
5941,811601
5948,521304
5950,884201
5951,307401
5952,29203
5961,132004
5962,22201
5966,835201
5967,521304
5972,413201
5974,211101
5979,32301
5983,211101
5999,140301
6003,621202
6009,531401
6011,415101
6014,14301
6020,32501
6022,14301
6029,411202
6032,221201
6033,306301
6047,211101
6055,231201
6064,306101
6072,301004
6085,306501
6088,621101
6093,621101
6095,23201
6097,132002
6098,131101
6099,622304
6103,541101
6105,884201
6118,521303
6131,705901
6133,212101
6136,140701
6138,420201
6141,705901
6143,155305
6149,33201
6185,212101
6186,301101
6188,221401
6195,811501
6198,622304
6199,420402
6200,132004
6201,307501
6216,303001
6226,511501
6227,420402
6233,621202
6239,621101
6240,307301
6241,812301
6253,231401
6255,301103
6261,811601
6271,159104
6277,621401
6280,23201
6291,306904
6297,221101
6300,512102
6302,301004
6304,307601
6305,31501
6307,301004
6309,155305
6314,413202
6318,701701
6326,885201
6328,23402
6329,23401
6331,885101
6336,211101
6337,307501
6338,211101
6341,153203
6353,511501
6357,306903
6361,811201
6370,420402
6375,306901
6377,621101
6378,531601
6381,420402
6383,221201
6387,306903
6391,136001
6392,22201
6395,511301
6397,814001
6399,23201
6409,420401
6410,705902
6414,415101
6423,24404
6432,212101
6433,155501
6434,32501
6443,211101
6444,415101
6449,413201
6453,232101
6454,28301
6455,306502
6456,622304
6465,307601
6472,512301
6486,231401
6502,420201
6504,872101
6506,420301
6507,622304
6517,307401
6518,622101
6520,306501
6542,23402
6561,416205
6563,705902
6570,811601
6580,512101
6581,154103
6584,212101
6585,13202
6597,306901
6599,140701
6607,301004
6619,621102
6622,140701
6630,301004
6636,306701
6638,413201
6640,133204
6646,306701
6647,151108
6656,612101
6663,23301
6666,702201
6667,811201
6668,23301
6671,306501
6678,702201
6679,307501
6696,22201
6699,521201
6711,301004
6715,232101
6720,140701
6727,531201
6737,132004
6746,813201
6750,23402
6751,622201
6760,23402
6774,29902
6792,22201
6797,812301
6805,212101
6808,885101
6817,305001
6821,415404
6827,302001
6828,702401
6833,884201
6834,301004
6837,158501
6845,621101
6847,306501
6848,231301
6859,307101
6860,622304
6890,23402
6893,521304
6901,307301
6906,812301
6913,301004
6926,26201
6934,211101
6950,212101
6974,301106
6978,158501
6981,702502
7000,306902
7002,621101
7003,301004
7020,211101
7032,420403
7037,155305
7038,420401
7039,701701
7043,158501
7045,903101
7050,121105
7057,307601
7059,212101
7064,811601
7070,31501
7080,621102
7085,23301
7089,622304
7093,415101
7104,231201
7108,550201
7110,132004
7112,420402
7115,882201
7120,702101
7122,301103
7125,306401
7128,705902
7142,306501
7150,702101
7161,301101
7163,301004
7169,812401
7174,541101
7189,23401
7191,212101
7204,511402
7208,621403
7216,415201
7221,23301
7228,23301
7231,512301
7238,306501
7239,826401
7241,14103
7248,621403
7258,134301
7259,812301
7266,621101
7268,140204
7271,154103
7273,306401
7275,305001
7285,420301
7299,221401
7310,240101
7312,420201
7313,14301
7314,159104
7327,306901
7328,306401
7336,231301
7348,214201
7355,211101
7356,307401
7359,622101
7369,521304
7371,305001
7372,23402
7373,811401
7374,23301
7377,622304
7379,621101
7383,415502
7384,221201
7388,904201
7390,415202
7395,301004
7417,415404
7420,303001
7423,622304
7425,306701
7429,701701
7430,561501
7434,612501
7444,211101
7449,31403
7454,413201
7467,301101
7469,110105
7478,31403
7480,23402
7484,415404
7486,811401
7487,301004
7489,705902
7491,705901
7495,415101
7496,302001
7497,213001
7498,531501
7505,140207
7518,302001
7522,702401
7526,213001
7530,814001
7540,705901
7544,705902
7547,14301
7554,811401
7558,307401
7580,550101
7582,221101
7584,413101
7588,221401
7590,622304
7598,14301
7617,621101
7620,307401
7625,621102
7626,31501
7630,301401
7637,621403
7648,221101
7652,23401
7654,306101
7657,621101
7658,611001
7662,159104
7669,231401
7670,28301
7673,521304
7686,306101
7687,702502
7688,221301
7698,136001
7701,211101
7702,420401
7722,32501
7732,211101
7745,26401
7757,823301
7764,231301
7770,28301
7771,221301
7779,811601
7781,221201
7782,212101
7791,415201
7794,14301
7803,531501
7805,306401
7807,702401
7810,29901
7820,301004
7827,531201
7829,12101
7850,29902
7854,301401
7855,23401
7864,306701
7870,211101
7879,306902
7898,211101
7900,211101
7902,611001
7913,702502
7933,211101
7949,211101
7951,301004
7963,512301
7969,415404
7990,221301
7994,32201
8003,531601
8007,413101
8010,231301
8039,884101
8041,29902
8050,301004
8053,621403
8058,23401
8061,211101
8066,211101
8067,812301
8068,23301
8079,811501
8082,140207
8086,158201
8096,307301
8100,154103
8103,221401
8106,622101
8112,157101
8116,32501
8124,14301
8126,211101
8130,23401
8131,155305
8138,155305
8139,301004
8140,415202
8141,414901
8148,23301
8157,307601
8158,307301
8161,611001
8167,14301
8171,705201
8178,23201
8183,561501
8184,211101
8186,231401
8193,702401
8196,211101
8204,531501
8216,158501
8220,705901
8224,21001
8227,155106
8228,32301
8233,306901
8236,156201
8237,155305
8239,512301
8240,221201
8244,621402
8250,154103
8254,22201
8261,611001
8268,29201
8273,821101
8286,211101
8291,307601
8300,136001
8304,301004
8311,811601
8314,155203
8328,305001
8333,221301
8336,155203
8337,155203
8341,420301
8356,705902
8376,812401
8383,411201
8390,611001
8391,420401
8397,307401
8401,531501
8416,702401
8426,305001
8430,415404
8431,301109
8432,420401
8433,301004
8437,871101
8440,705902
8444,884102
8455,811201
8474,29901
8476,231301
8485,301401
8486,221201
8488,301103
8489,301004
8504,817101
8505,612501
8512,811601
8522,301109
8524,306401
8527,305001
8529,157101
8533,306201
8543,301004
8548,140701
8554,301401
8560,301401
8563,511101
8572,811601
8578,221301
8581,301004
8582,306201
8587,157101
8589,306902
8595,811201
8598,211101
8602,624301
8608,221201
8621,823301
8629,521304
8637,550101
8640,817101
8649,231102
8659,156201
8665,531301
8671,541301
8689,232101
8694,307301
8695,22201
8703,153105
8704,24404
8714,306501
8719,307401
8724,417201
8725,621102
8754,14103
8755,531601
8760,305001
8767,306401
8773,301004
8786,814001
8791,871101
8792,211101
8793,31403
8815,814001
8818,413201
8825,420301
8827,211101
8829,512301
8830,307301
8831,13203
8832,622304
8833,301004
8842,511101
8847,14103
8865,420401
8866,29901
8869,231301
8876,621403
8887,23201
8889,140701
8890,521304
8899,307301
8900,301108
8908,903101
8911,411202
8917,611001
8925,306201
8926,307301
8932,306501
8939,23401
8946,212101
8951,212101
8953,411202
8954,231102
8956,521304
8958,531301
8967,12401
8973,132004
8976,212101
8978,301004
8979,13701
8982,23402
8983,212101
8991,531601
8995,811201
8996,705902
8998,305001
8999,31401
9000,541101
9006,301004
9010,612501
9012,23402
9022,307401
9038,221201
9044,411202
9045,512301
9047,221301
9056,705902
9057,420401
9060,814001
9064,301004
9067,826401
9071,702301
9077,811201
9085,23401
9093,611001
9095,14301
9100,305001
9109,14103
9111,12401
9114,512301
9131,307401
9132,621403
9134,414902
9136,306902
9139,31501
9145,512301
9155,231102
9162,411202
9168,512301
9172,521304
9175,155106
9177,621901
9182,531301
9197,884102
9198,231301
9203,705902
9206,140301
9219,221201
9223,15101
9232,621901
9236,420402
9237,306501
9240,23401
9246,23401
9248,521304
9250,231301
9251,306101
9261,140701
9263,31403
9269,31403
9271,814001
9292,211101
9297,122105
9309,621402
9312,221201
9315,814001
9318,531201
9322,32101
9356,884102
9365,214401
9373,307401
9381,826401
9387,23201
9403,306502
9405,306201
9417,23201
9432,704001
9435,134302
9440,122105
9443,704001
9444,140701
9446,32101
9448,611001
9455,28203
9459,28301
9463,27101
9470,306201
9472,306201
9477,623001
9498,132004
9500,307201
9511,231201
9522,306601
9546,621403
9551,302001
9554,307601
9556,611001
9557,842101
9568,155106
9576,611001
9588,158501
9589,702201
9602,303002
9604,306301
9607,29903
9615,28301
9636,622101
9645,221401
9648,862101
9651,29401
9656,302001
9663,231102
9671,511302
9674,29903
9680,303001
9682,885201
9690,33201
9695,884101
9702,621401
9703,221401
9708,307301
9712,302001
9716,413102
9723,611001
9727,307201
9730,873301
9767,306301
9784,414901
9788,158501
9790,811601
9792,884102
9794,521304
9803,306301
9811,22201
9819,303001
9825,811501
9828,303001
9836,213001
9840,221401
9841,621401
9846,13201
9850,511501
9856,155304
9860,306201
9864,31501
9866,842101
9869,32201
9872,232101
9879,306301
9881,531501
9882,511302
9900,884102
9903,301301
9904,621401
9913,307301
9922,411202
9930,301004
9933,29902
9940,133901
9946,521303
9947,13201
9953,705901
9954,23402
9960,306903
9969,132004
9975,884102
9976,511101
9982,512301
9985,140304
9989,306301
9994,132004
10015,812201
10016,705901
10017,823101
10036,215101
10037,140701
10050,305001
10058,306401
10064,29903
10068,140204
10072,306902
10074,511502
10075,705902
10081,872101
10088,521304
10095,705901
10108,307501
10113,420402
10122,24101
10147,306601
10149,307301
10152,221301
10157,13201
10169,231301
10176,231201
10180,158402
10183,13701
10190,307301
10195,110103
10200,306901
10205,23401
10209,132004
10248,140701
10252,31301
10254,811201
10258,521304
10261,33201
10266,512301
10271,550201
10272,212301
10279,231201
10294,122101
10298,420401
10303,306301
10324,841101
10334,232101
10336,305001
10368,22103
10370,416205
10372,842101
10377,307401
10381,231301
10382,307201
10384,24404
10391,23402
10401,414201
10404,13401
10424,811201
10440,521304
10444,301401
10456,411202
10468,704001
10473,301301
10487,303001
10491,622101
10498,306903
10499,28202
10510,132004
10515,531401
10516,140701
10517,31301
10526,307102
10528,307301
10537,521304
10548,511301
10551,232101
10552,701501
10558,814001
10568,812201
10575,521304
10588,31102
10604,29903
10610,306904
10611,33201
10619,14103
10634,306201
10644,414201
10653,871101
10665,213001
10667,306301
10668,307401
10675,512301
10680,705901
10682,701501
10692,155305
10701,307501
10704,420401
10707,420401
10709,420101
10713,221301
10716,306201
10717,811601
10719,213001
10725,811201
10730,306903
10737,303002
10738,158402
10742,140204
10782,531301
10783,823301
10797,231102
10799,531501
10813,23101
10817,29101
10832,622101
10833,22201
10834,29203
10843,306501
10855,562101
10856,306901
10858,531601
10859,14103
10868,31501
10879,33202
10882,885201
10884,621101
10891,842101
10892,705902
10898,23401
10901,621202
10904,823301
10906,812102
10907,306701
10910,420101
10923,521303
10924,811201
10929,701602
10935,702502
10940,811501
10944,621202
10950,31402
10956,306401
10959,307501
10965,307401
10972,221101
10973,307301
10974,622101
10986,306601
10992,307401
10995,420402
11000,812301
11004,306701
11009,511101
11032,812301
11036,306502
11044,221301
11050,23403
11052,155305
11056,811201
11064,221301
11069,24404
11070,521304
11073,884102
11074,702201
11094,301401
11102,521303
11110,32301
11113,414501
11115,306904
11137,221401
11146,811501
11154,512101
11163,307401
11166,306201
11167,215101
11174,31301
11175,704001
11177,512301
11180,121105
11184,622101
11185,884101
11196,31101
11199,823301
11207,214301
11223,29902
11232,885901
11235,232101
11240,531401
11243,33202
11256,521304
11257,156201
11264,140701
11279,420301
11280,306401
11289,140701
11300,621102
11302,13202
11316,213001
11324,306902
11330,306401
11338,301004
11348,24404
11352,213001
11356,621301
11362,511501
11366,511101
11369,13202
11386,413101
11387,307201
11393,140601
11396,414901
11408,307501
11412,705902
11455,301301
11456,420301
11458,307501
11464,231301
11466,812101
11467,155305
11474,307201
11486,22201
11489,307401
11492,307501
11497,882101
11508,122104
11512,23301
11517,562101
11534,705902
11536,306401
11538,812301
11542,303001
11545,306401
11549,511301
11556,511301
11565,621403
11568,521304
11573,531501
11579,302001
11587,307401
11589,621301
11597,23301
11598,621401
11602,306301
11609,31301
11612,213001
11616,23401
11628,307102
11637,307201
11651,306901
11660,842101
11664,512301
11667,702501
11670,23402
11672,531501
11676,29903
11679,33201
11685,307301
11686,521304
11689,621403
11690,23403
11694,232101
11697,306401
11699,414901
11706,14103
11717,531501
11724,703201
11742,524001
11750,155306
11768,823301
11771,811201
11778,531301
11783,306301
11787,705901
11789,862301
11793,158501
11809,812301
11824,307401
11829,611001
11836,232101
11838,307301
11844,521303
11849,301004
11850,140301
11854,872101
11862,416103
11863,301301
11865,306701
11871,24404
11887,301301
11897,23401
11913,23403
11918,307301
11931,511402
11935,531501
11944,301301
11953,621102
11983,31402
11987,511301
12004,33202
12008,411202
12011,611001
12021,511301
12032,14103
12033,811201
12034,306301
12045,140701
12048,33202
12050,140601
12053,155305
12055,29902
12059,811901
12061,23301
12062,701501
12064,531401
12069,561501
12075,621401
12079,512301
12101,420402
12128,23402
12140,541201
12147,831101
12148,14103
12150,29401
12153,23101
12155,621102
12158,811901
12160,13201
12163,812101
12166,23101
12167,301301
12190,562101
12195,232101
12202,303001
12210,302001
12217,29401
12222,29902
12223,13201
12227,420301
12230,301103
12237,153101
12248,23101
12260,420402
12264,23101
12270,512102
12278,301004
12279,158501
12282,521303
12288,29401
12295,413101
12303,22201
12316,303001
12333,307401
12334,301301
12336,240102
12342,307401
12344,512301
12346,306301
12359,561501
12376,14103
12379,511302
12387,140601
12394,307501
12400,301301
12403,306601
12408,521304
12415,511301
12421,512301
12428,307501
12429,306903
12434,704001
12435,811201
12451,22201
12455,213001
12457,306201
12462,306501
12463,622101
12466,306501
12475,23301
12484,812301
12506,158501
12507,416103
12512,705902
12514,611001
12520,511301
12521,531501
12534,13901
12535,521304
12545,23301
12548,23101
12565,811101
12573,420402
12583,862301
12589,885901
12598,301301
12600,307301
12606,873301
12613,622101
12617,29401
12629,221301
12659,885901
12681,306903
12687,306701
12691,531501
12692,884101
12700,306501
12718,301401
12722,306201
12723,511502
12724,621101
12735,307601
12736,811601
12739,521304
12743,531401
12749,531501
12755,250301
12758,307401
12763,306301
12778,884102
12792,621401
12798,33201
12814,306201
12815,611001
12822,29901
12826,413102
12831,31101
12832,511501
12835,621403
12837,306904
12839,301301
12847,31501
12857,885101
12861,811901
12869,884102
12873,306301
12875,413202
12876,413101
12887,140201
12892,511301
12904,884101
12907,705902
12910,301301
12917,871101
12921,531301
12925,31301
12927,301108
12929,155306
12930,159104
12950,701601
12952,28302
12962,307601
12967,140204
12980,33202
12981,511101
12987,155305
12988,621101
12996,416701
13004,13202
13012,31501
13027,550201
13031,132004
13039,623002
13056,306401
13058,306401
13067,140204
13069,841101
13079,834001
13080,811501
13090,622201
13104,140304
13105,420201
13106,884102
13110,414901
13113,303002
13129,303001
13136,31501
13141,140701
13154,23301
13155,307301
13168,842101
13173,521304
13177,885901
13178,31301
13181,232101
13182,306401
13192,28302
13196,307201
13200,511301
13223,158501
13248,307601
13252,863201
13261,23401
13266,413101
13272,140601
13282,811901
13286,521304
13298,521201
13300,873301
13301,531401
13302,862101
13322,28202
13323,29903
13333,140701
13338,31301
13373,29903
13375,302001
13377,13201
13382,306201
13384,302001
13398,306502
13400,29901
13402,306902
13410,872101
13425,307601
13428,823101
13435,420402
13438,32301
13439,511402
13444,304003
13446,611001
13448,302001
13451,822301
13452,621901
13454,303001
13456,413201
13465,621401
13477,232101
13491,23401
13516,811501
13531,701602
13534,420301
13542,812101
13545,413101
13560,306904
13568,306502
13574,307501
13576,811601
13577,306201
13584,306201
13585,413202
13612,701602
13620,221102
13630,622101
13633,511301
13634,420401
13640,621401
13643,14103
13647,29901
13654,884102
13655,701602
13661,31402
13677,155106
13695,33202
13698,213001
13702,623001
13704,303001
13713,13401
13723,611001
13751,306901
13760,22201
13761,862101
13765,140306
13789,32201
13795,823301
13799,212201
13804,512401
13806,420403
13815,420401
13816,622201
13817,414201
13822,811601
13837,306902
13858,414902
13859,611001
13861,140701
13868,23301
13870,301004
13877,140204
13880,23401
13883,306501
13884,531501
13890,303001
13895,511301
13896,621203
13911,705901
13924,512301
13925,305001
13932,521304
13945,155305
13946,22201
13955,521304
13964,306301
13970,512301
13972,413101
13975,883101
13977,531501
13980,811201
13987,884102
13992,23301
13993,155305
13998,29902
14000,306401
14010,250301
14013,521304
14018,23101
14033,122101
14034,811901
14043,621101
14050,133901
14066,307501
14067,221301
14071,31501
14074,23101
14077,306901
14101,306901
14105,621202
14107,303001
14116,155106
14119,414902
14136,862201
14137,303001
14144,904201
14145,306301
14152,140701
14154,306501
14159,140304
14188,33202
14202,306901
14207,812201
14213,542001
14215,812301
14216,623001
14217,306401
14226,240102
14235,306401
14254,301103
14258,29903
14263,306701
14268,871101
14272,155305
14273,155305
14275,307201
14278,705901
14284,705901
14289,33202
14295,306401
14302,28202
14317,306902
14322,153101
14327,301301
14345,704001
14346,212201
14357,811201
14358,306903
14371,303001
14373,306201
14380,306901
14383,31301
14391,884101
14397,33202
14418,307301
14420,811201
14424,307102
14440,884102
14443,811601
14447,14103
14452,22201
14455,29903
14460,304003
14473,221301
14486,621301
14491,306904
14492,31403
14507,622101
14511,704001
14518,29902
14531,24404
14536,414703
14552,531301
14554,33201
14566,702201
14570,705902
14574,155305
14581,24101
14584,411202
14585,307601
14617,29903
14629,414501
14646,824101
14649,306902
14654,23402
14655,884101
14656,155306
14657,302001
14684,306902
14687,512101
14716,307501
14718,521304
14721,306903
14731,155305
14734,621301
14740,156201
14745,531501
14747,562101
14756,231301
14761,32301
14769,842101
14786,232101
14788,303001
14799,31501
14801,623002
14805,221301
14807,511302
14809,23101
14817,306401
14818,885901
14820,307401
14829,232101
14833,307601
14838,885901
14846,306201
14848,301401
14852,621301
14856,155305
14858,32302
14859,307201
14860,306501
14871,306501
14873,306201
14874,307501
14875,413102
14877,132004
14901,31501
14906,23101
14908,306401
14911,306401
14919,701601
14923,140204
14925,303002
14932,140601
14934,140701
14935,31301
14936,23301
14941,155305
14947,29901
14948,611001
14954,29902
14961,221401
14964,29902
14986,521304
14991,23301
14998,420403
14999,306902
15009,883101
15011,31501
15015,511101
15019,521304
15023,416303
15030,303001
15031,841101
15034,140701
15047,306502
15053,32301
15066,23301
15068,306201
15071,23402
15081,705902
15090,221301
15092,550201
15094,140701
15097,812301
15099,705902
15108,511502
15110,306601
15118,31301
15122,29902
15133,213001
15153,704001
15157,110105
15159,307201
15163,140201
15185,307102
15187,623001
15193,621403
15197,23301
15205,23401
15206,824101
15211,140206
15217,24404
15227,511301
15232,231102
15233,306601
15239,511501
15241,306701
15251,871101
15254,13202
15257,29903
15259,872101
15262,232101
15265,301004
15270,306902
15275,701602
15285,411201
15291,623001
15302,705901
15311,28301
15315,22201
15321,29902
15326,511502
15335,622101
15336,611001
15337,511301
15341,29203
15343,301401
15346,307501
15347,414501
15356,623001
15357,23403
15362,842101
15366,621401
15367,306501
15373,306502
15380,32301
15383,24404
15388,110101
15404,531401
15407,622101
15409,611001
15410,622101
15417,307601
15418,413101
15425,213001
15428,413101
15430,28302
15436,212301
15443,307601
15446,221301
15477,33201
15480,511302
15481,221301
15482,307201
15484,521304
15485,306901
15509,811901
15536,705101
15554,701501
15558,232101
15560,306502
15561,22201
15578,420401
15584,302001
15593,301004
15594,306401
15612,305001
15619,159104
15631,140206
15635,705902
15638,301301
15639,22201
15647,29401
15656,306501
15657,306904
15669,622304
15670,301103
15679,231301
15686,702201
15689,158501
15695,213001
15697,14103
15709,705901
15720,31501
15725,306902
15727,302001
15729,306901
15745,29903
15750,213001
15758,812301
15763,214201
15768,871101
15769,302001
15809,306701
15812,705201
15814,621102
15822,307201
15826,531701
15829,864101
15834,306901
15837,306201
15842,307501
15843,420402
15846,214301
15851,307501
15853,413202
15857,221301
15861,213001
15862,213001
15868,22201
15874,250301
15875,155305
15877,306903
15879,22201
15886,303002
15889,306502
15895,812301
15898,301301
15900,307601
15901,140205
15909,306903
15910,132004
15911,862301
15923,812101
15938,240201
15940,550201
15947,31102
15952,306901
15978,306904
15980,301004
15986,29901
15999,213001
16004,307601
16005,307501
16022,221301
16028,232101
16031,411202
16033,307201
16069,611001
16073,871101
16076,811201
16083,213001
16085,31501
16086,24404
16089,521303
16090,25101
16096,811201
16103,702201
16112,512301
16116,221301
16124,29902
16127,701602
16128,306501
16129,33202
16135,306903
16144,214301
16153,301106
16155,413102
16169,621401
16177,521304
16180,811901
16182,221401
16190,23401
16193,550201
16200,303002
16203,511501
16208,306502
16218,31403
16229,511101
16242,306904
16243,811201
16253,221101
16259,611001
16270,301004
16271,511301
16278,306701
16289,133901
16290,882101
16294,550201
16309,420301
16310,307301
16314,140206
16316,29903
16319,521304
16333,33202
16335,703201
16341,702501
16347,307201
16348,811901
16350,307501
16367,420401
16369,231102
16374,158501
16380,232101
16381,306904
16382,28302
16387,213001
16388,704001
16395,884101
16396,531301
16400,307301
16404,511502
16406,705902
16426,31403
16429,31301
16430,221401
16432,23101
16446,23101
16449,305001
16454,14103
16457,28302
16467,155501
16471,306903
16475,153101
16487,306901
16500,306701
16507,562101
16521,812101
16534,621202
16544,306701
16560,414901
16565,812201
16567,232101
16585,842101
16589,521101
16608,413101
16628,23101
16634,705902
16635,705901
16647,705901
16648,550201
16654,301004
16656,306904
16659,812201
16665,621202
16670,550201
16676,307501
16678,413101
16686,122104
16693,413101
16702,213001
16706,24404
16715,623002
16720,511101
16723,420101
16729,307102
16745,611001
16750,615203
16753,307301
16755,811501
16761,561501
16775,511402
16778,414902
16784,884101
16798,33201
16801,306501
16803,32301
16824,623002
16835,812301
16842,306902
16849,531701
16851,28202
16861,24404
16862,31501
16865,413102
16867,511302
16869,306901
16871,232101
16873,13203
16879,31101
16886,301401
16891,306701
16898,307201
16899,561501
16901,872101
16909,550201
16914,132004
16918,413102
16924,512101
16930,303002
16941,307301
16966,621401
16978,823301
16985,413101
16986,307401
16988,31403
16992,842101
16995,521304
17000,531301
17003,621202
17005,29901
17010,511101
17023,705101
17024,23101
17026,420401
17035,306701
17040,307301
17045,140204
17047,305001
17051,705902
17062,307601
17067,885101
17073,811601
17089,511101
17106,155306
17117,135001
17120,158501
17121,23402
17126,817201
17144,13201
17159,31301
17163,140205
17168,307501
17169,511101
17181,23101
17184,531701
17189,420301
17196,420401
17197,140206
17211,231301
17230,32301
17233,811901
17236,811201
17248,158501
17254,306701
17257,140205
17264,132004
17265,413101
17268,154103
17269,23401
17270,29903
17271,307401
17272,811601
17277,512401
17285,413102
17309,133901
17321,132004
17335,812101
17337,705902
17342,140206
17345,512301
17346,121105
17352,521304
17357,306501
17361,140204
17385,420402
17394,702501
17395,31301
17408,31403
17414,873301
17420,511501
17424,304003
17425,31301
17426,531701
17431,155106
17432,705902
17440,231301
17443,158501
17451,542001
17452,885101
17459,306903
17481,811601
17490,531701
17493,621301
17497,306501
17499,29903
17502,862301
17508,822301
17509,158501
17511,621401
17513,132004
17515,413101
17521,231201
17525,13201
17532,811101
17540,23301
17548,512301
17551,301106
17558,703101
17563,413101
17574,842101
17582,158501
17590,531701
17602,231201
17611,512301
17615,305001
17616,306904
17627,13202
17628,306902
17642,411201
17649,22201
17660,612101
17663,812201
17670,231201
17671,31403
17672,303002
17679,22201
17693,512102
17696,232101
17704,306903
17708,14103
17715,29203
17729,531301
17739,13201
17747,14103
17749,29401
17752,307601
17771,420101
17772,306902
17773,811601
17779,621102
17786,306902
17801,31301
17813,822301
17816,306903
17827,621202
17837,31403
17839,413101
17854,512301
17856,621401
17858,622101
17859,306502
17861,703101
17869,511101
17874,413102
17887,140204
17900,306701
17904,301004
17905,33202
17907,133901
17910,306501
17911,231102
17920,812201
17921,420301
17923,622101
17925,29203
17926,14103
17928,23401
17935,811601
17948,302001
17949,306502
17952,306502
17970,122101
17971,812301
17979,611001
17981,306901
17985,301004
17989,23401
17995,23401
17996,531701
17998,301004
18013,531701
18023,302001
18026,29901
18033,306903
18037,812201
18047,221401
18054,13201
18079,621102
18092,31301
18097,306902
18102,23401
18108,622101
18115,122101
18121,885201
18126,621202
18127,250301
18129,23401
18131,307601
18132,531401
18138,420402
18146,863201
18151,821101
18156,531701
18160,621101
18165,307601
18178,511501
18183,531401
18193,621202
18194,306701
18196,221401
18199,14103
18205,306904
18215,29901
18216,307102
18219,414901
18223,511501
18229,212201
18234,22103
18245,611001
18252,22103
18265,306903
18269,701602
18270,420402
18271,306601
18281,231301
18292,303002
18297,303002
18302,521304
18313,420301
18319,413102
18321,22201
18322,305001
18324,512401
18325,621102
18326,825101
18329,511402
18337,812201
18341,31403
18364,136002
18374,303002
18379,221401
18380,221401
18382,871101
18385,307401
18389,14103
18393,231201
18397,623001
18401,13202
18404,31403
18406,531501
18411,303002
18419,133201
18422,885201
18424,623001
18429,531301
18431,302001
18434,24101
18440,811301
18441,231201
18444,531501
18456,862301
18460,306501
18462,621202
18463,305001
18464,885101
18468,703101
18474,621202
18476,307102
18480,140201
18486,303002
18488,512101
18491,221401
18492,885201
18496,31403
18504,305001
18507,302001
18509,140201
18510,621202
18512,531301
18515,221401
18521,29203
18529,303002
18530,532401
18531,221401
18532,621202
18537,221401
18551,140201
18555,621102
18557,303002
18568,122301
18572,622101
18575,306701
18577,29903
18578,883101
18582,33201
18583,307401
18584,831301
18586,306201
18594,307601
18595,705902
18599,511401
18602,812301
18608,14103
18610,885901
18616,303001
18618,23402
18619,901501
18622,159104
18627,140602
18633,511401
18652,621202
18658,307301
18664,550201
18687,420401
18688,24404
18690,621402
18694,22201
18699,306901
18705,812301
18708,512301
18722,158501
18738,511501
18752,27101
18753,306101
18754,152201
18765,705902
18766,13202
18769,16201
18773,33201
18774,31501
18775,306301
18782,301106
18793,851101
18796,240102
18804,702601
18816,306301
18820,32501
18826,413201
18844,521304
18846,32301
18852,521304
18854,811201
18855,306901
18879,221401
18886,704001
18904,511401
18917,811501
18918,531301
18923,415404
18928,522201
18935,301107
18937,306901
18942,29902
18949,307401
18951,29901
18956,133901
18963,29401
18969,811601
18972,621301
18981,32301
18996,155106
19000,155305
19002,623001
19003,29903
19004,307601
19006,414901
19014,871101
19016,885901
19020,414901
19031,221401
19033,28302
19051,231301
19061,702201
19070,306701
19074,885101
19080,532401
19083,306901
19113,140201
19128,512301
19130,121105
19132,32301
19135,824101
19136,550101
19139,301401
19147,31301
19167,306201
19172,307401
19177,621202
19180,240201
19190,306301
19195,414901
19196,511502
19198,28302
19199,140602
19200,158501
19202,31501
19214,531301
19220,532401
19231,511401
19250,511501
19251,704001
19252,231102
19257,23201
19258,23402
19260,512102
19265,512102
19272,825101
19283,31301
19284,306903
19292,613001
19308,33201
19322,158501
19325,140701
19326,621401
19344,31101
19347,22201
19353,306101
19362,151102
19382,155303
19387,812301
19391,811501
19396,512301
19399,221301
19403,811901
19407,701501
19413,512301
19414,521304
19416,550101
19423,705902
19425,511401
19426,420301
19427,811501
19430,531701
19433,23402
19437,158501
19439,307601
19440,307401
19448,23101
19449,27101
19450,134303
19457,23101
19464,158501
19465,521304
19467,702601
19475,221401
19477,705902
19479,302001
19484,32501
19492,621402
19504,512102
19513,420401
19514,306401
19518,31301
19521,413101
19562,531601
19564,29903
19570,420401
19574,306701
19580,415301
19586,413101
19612,531301
19620,532401
19628,704001
19629,32301
19651,811501
19656,29401
19658,29903
19660,306903
19684,621403
19685,221401
19691,621202
19712,420403
19713,14201
19714,541101
19719,532401
19726,813101
19737,302001
19739,301108
19741,704001
19747,511501
19751,22103
19755,420401
19756,23402
19760,152201
19767,411202
19768,155106
19769,232101
19774,23201
19776,23101
19777,240102
19781,14103
19792,511501
19803,615701
19813,561501
19821,415301
19822,221301
19826,31201
19828,240102
19829,306902
19831,521304
19833,812201
19835,306902
19837,31401
19838,140701
19839,532401
19840,240102
19843,701602
19862,306701
19863,307601
19865,885901
19867,307601
19871,301107
19873,32201
19878,212101
19883,31201
19888,420403
19895,621101
19902,28302
19905,521303
19907,303001
19916,307301
19917,31301
19918,306902
19920,550101
19922,29901
19924,702201
19927,812902
19928,31403
19938,306401
19944,158501
19946,885101
19948,624101
19960,301101
19969,159104
19970,420301
19984,413102
19988,521304
19992,862301
19999,621102
20006,307401
20024,31501
20025,884101
20045,511101
20046,231102
20049,420401
20050,532401
20051,302001
20052,531501
20057,511401
20065,23201
20068,541301
20071,140701
20074,413201
20075,232101
20078,622101
20083,531301
20086,811601
20088,885201
20092,811201
20095,416501
20097,232101
20101,29901
20104,621401
20112,31301
20124,307301
20126,621102
20131,140201
20135,306401
20136,561501
20139,33201
20142,420401
20144,31501
20147,531701
20149,23201
20150,23201
20153,23101
20156,301107
20163,885201
20165,413102
20174,306902
20177,231201
20179,303002
20190,23401
20196,306301
20202,305001
20205,621102
20211,704001
20213,512102
20214,31501
20217,212301
20219,14103
20221,811201
20223,31301
20235,122103
20255,158201
20264,414901
20288,306904
20297,31501
20306,155303
20310,523001
20315,511101
20321,29901
20325,884101
20330,306401
20337,155303
20339,31201
20342,221401
20348,306401
20351,23201
20353,841101
20356,885901
20375,134101
20377,221401
20384,301113
20393,812201
20396,221401
20398,550101
20406,31101
20407,231102
20408,871101
20413,306904
20419,231301
20426,702201
20429,511402
20431,811201
20432,511302
20447,23101
20466,531601
20471,420301
20472,884102
20473,411201
20475,811601
20478,702502
20489,811601
20496,871101
20499,14103
20511,511101
20517,23402
20520,140204
20523,232101
20524,413202
20526,413101
20535,212101
20593,306201
20602,302001
20603,302001
20604,22201
20610,511502
20611,521304
20615,702601
20622,23101
20633,29903
20638,521304
20643,702501
20665,621403
20676,13201
20678,306401
20685,12402
20686,811601
20687,303001
20690,305001
20691,158201
20696,307301
20698,306401
20706,306201
20708,232901
20712,541301
20715,415201
20717,158401
20726,155303
20729,420402
20738,306401
20745,413101
20753,307601
20758,306902
20772,306301
20775,813101
20783,23402
20785,413201
20788,704001
20793,885201
20795,240102
20802,305001
20804,212301
20815,622101
20819,511402
20828,140101
20829,306201
20847,823301
20848,13201
20850,702201
20851,306502
20856,811201
20859,531301
20860,306601
20862,705901
20872,562101
20885,306201
20897,531701
20901,23201
20918,23101
20924,521303
20934,136001
20936,825101
20937,155305
20938,140701
20948,531701
20952,306701
20954,414901
20956,307301
20958,306201
20960,306904
20967,301107
20968,420401
20976,811201
20980,211201
20985,140602
20986,511402
20996,23201
21002,812301
21024,622101
21029,511401
21034,621403
21035,23401
21037,812401
21042,415301
21049,621101
21050,531601
21051,23101
21061,231102
21062,23402
21063,413201
21064,414901
21070,701701
21072,812102
21073,306904
21074,871101
21080,561501
21090,29401
21094,416104
21098,413101
21116,23402
21123,23101
21128,23201
21144,307401
21149,413201
21153,511301
21163,702401
21172,122103
21179,231102
21181,621101
21185,702401
21194,511401
21195,22201
21206,521303
21214,301110
21221,411201
21226,306904
21236,812301
21238,411201
21247,306901
21255,512102
21261,31301
21269,511501
21272,232101
21283,306904
21289,158401
21292,885201
21300,32501
21302,511401
21303,232101
21309,420403
21314,13202
21315,158501
21322,306401
21323,702301
21325,29401
21327,307401
21328,811401
21335,13305
21337,415101
21340,307601
21342,811601
21351,705902
21368,420301
21373,23101
21374,702601
21377,140601
21379,31301
21391,885901
21399,31501
21401,301107
21405,531701
21406,413101
21409,531701
21417,511501
21425,811201
21428,550201
21430,221301
21431,110201
21432,212101
21445,411202
21447,23401
21449,29501
21451,413102
21457,704001
21465,415301
21469,303002
21482,531701
21487,32501
21493,307401
21495,881201
21496,303001
21511,811901
21524,22201
21527,884101
21529,306301
21533,212201
21538,812201
21544,702601
21547,306903
21553,884102
21554,140701
21568,33201
21569,303001
21575,306903
21576,302001
21588,303001
21592,705901
21607,31403
21609,155305
21622,702502
21626,306401
21632,411106
21641,511302
21657,29903
21668,885201
21672,29903
21674,23402
21684,307301
21686,29903
21692,31501
21699,521304
21710,22201
21711,511501
21716,307301
21717,411102
21734,32301
21735,33201
21743,904201
21752,31301
21761,415202
21771,841101
21772,231301
21773,29903
21781,512301
21786,231301
21798,29401
21826,531701
21830,32301
21833,232101
21834,812201
21839,306101
21851,512301
21877,32201
21880,511101
21883,415301
21891,420401
21898,23402
21902,885901
21909,414901
21910,303002
21912,413101
21914,511502
21920,140602
21925,306201
21948,413101
21953,32201
21956,140602
21965,213001
21967,212301
21987,811201
21988,541101
21990,307401
22002,413201
22006,213001
22015,23401
22017,531601
22019,550101
22024,621403
22048,420301
22077,155303
22079,221301
22093,701701
22094,420101
22102,705902
22123,33201
22131,884101
22138,862301
22139,841101
22143,32201
22146,14103
22154,812902
22163,301107
22165,240102
22175,413201
22181,158402
22187,532401
22190,812301
22194,306301
22198,140602
22206,232101
22212,702401
22223,306201
22230,33202
22236,420301
22238,705201
22239,885201
22250,29501
22253,14103
22256,23201
22268,23101
22271,301102
22272,301103
22276,29902
22286,29202
22294,306904
22302,531701
22304,306701
22317,29903
22322,420403
22326,24101
22331,133901
22332,29902
22343,621202
22356,531501
22360,420301
22363,232901
22375,511401
22392,415301
22396,122103
22411,622201
22414,221301
22432,306901
22440,511302
22441,413201
22447,306301
22448,531301
22449,33201
22454,303001
22458,33201
22463,420401
22472,31301
22474,511502
22497,623001
22501,32501
22507,121105
22516,23201
22522,29401
22528,221301
22529,306401
22530,307401
22539,812301
22542,812301
22556,13305
22557,521304
22560,306502
22571,303001
22572,306903
22577,23402
22582,511402
22596,811301
22598,301401
22599,414901
22600,212301
22601,159104
22604,221401
22605,812301
22609,883101
22612,306701
22614,305001
22627,302001
22641,705902
22654,521304
22655,306601
22656,871101
22661,306904
22665,420402
22668,31401
22671,140602
22683,28302
22699,413201
22701,14103
22702,512301
22704,301103
22711,885201
22712,511101
22716,23201
22720,301106
22721,415101
22733,550201
22738,521201
22741,624101
22742,221401
22744,704001
22745,417102
22756,511501
22759,306301
22762,414703
22773,301101
22778,411202
22784,884201
22793,883101
22795,415301
22801,306901
22804,413202
22808,159104
22810,303001
22818,221301
22821,301113
22825,702401
22830,532401
22832,31201
22834,23101
22847,904201
22849,155303
22850,306901
22852,511101
22854,511402
22855,29901
22857,231301
22862,521303
22864,14201
22874,550101
22889,871101
22899,29401
22904,621301
22905,702501
22911,14103
22915,305001
22916,621202
22921,22201
22927,306301
22929,531501
22930,33201
22932,29903
22943,621301
22944,306301
22950,624101
22951,23401
22960,414901
22961,306201
22962,812401
22968,306401
22982,811501
23001,811901
23005,307301
23010,306904
23017,140204
23020,232101
23023,811601
23025,884101
23026,31102
23034,532401
23041,158501
23042,705901
23044,884201
23046,29903
23065,531701
23066,415404
23070,414902
23071,306902
23072,531701
23073,704001
23075,816103
23077,31201
23087,531501
23091,621403
23113,811901
23120,621202
23121,416701
23128,155303
23131,306502
23139,301113
23140,31101
23160,156201
23174,621101
23187,33202
23189,306301
23190,420401
23194,306301
23199,221401
23200,23201
23205,702101
23210,23401
23214,23401
23222,16201
23228,28302
23230,812902
23236,232101
23247,702501
23249,521304
23251,306903
23262,33201
23267,159104
23279,27101
23283,621403
23289,511101
23292,155106
23295,306903
23300,621401
23302,31301
23329,531601
23335,413101
23344,155305
23345,31301
23347,306701
23350,31201
23352,622101
23360,155305
23375,811601
23376,152201
23384,22201
23388,306902
23390,512102
23407,155303
23409,231301
23412,32301
23420,704001
23421,23101
23426,22103
23434,884201
23436,306903
23442,14103
23446,155305
23466,413101
23473,811601
23477,231301
23478,511101
23485,621202
23491,306601
23492,32301
23493,306401
23496,306401
23497,871101
23504,811401
23513,415301
23520,862201
23525,301102
23531,23401
23532,306601
23536,306701
23540,511101
23542,621403
23555,541301
23564,23101
23568,420301
23572,23402
23575,531601
23583,158402
23588,155303
23596,221301
23598,701602
23614,22201
23618,212301
23633,31201
23635,623001
23636,16201
23642,303001
23648,140501
23654,240102
23656,23101
23657,155305
23658,812902
23660,811601
23662,420401
23679,701701
23680,411201
23681,413102
23685,884101
23687,306201
23694,521304
23714,122103
23715,621202
23716,221401
23724,23401
23727,522201
23729,550101
23730,221301
23738,31501
23739,307401
23742,158401
23752,22201
23753,306904
23754,420401
23756,862301
23764,122103
23768,140602
23770,613001
23774,704001
23777,303001
23782,413202
23789,623001
23790,24404
23791,521304
23799,550101
23805,231401
23806,841101
23807,32301
23818,413202
23819,862201
23828,158201
23834,221401
23844,29202
23852,151108
23855,158501
23856,415301
23859,140602
23861,306904
23865,414901
23868,29901
23870,413201
23873,613001
23875,306902
23876,531501
23878,811201
23892,884102
23896,621101
23899,23402
23900,701501
23904,155106
23905,133201
23907,31102
23926,511401
23930,28302
23934,23101
23939,306101
23940,32301
23943,306901
23947,871101
23953,31401
23954,301103
23960,23201
23969,531301
23982,621101
23986,701602
23988,420301
23990,32301
23997,550101
24000,701701
24006,304003
24019,704001
24024,531601
24025,212301
24030,155106
24042,306902
24050,306502
24051,29401
24052,122103
24054,511302
24057,305001
24059,301102
24067,303002
24075,705901
24076,831301
24081,512301
24087,621202
24091,811601
24101,306201
24104,306902
24107,812902
24113,140701
24117,31401
24125,140204
24128,521201
24131,140602
24133,29203
24140,811601
24145,27101
24146,158201
24147,885901
24149,155106
24161,140501
24164,531701
24169,31201
24181,306502
24185,811401
24189,420101
24194,301301
24209,155305
24213,28302
24215,416104
24241,306401
24242,221401
24244,621202
24246,16201
24255,531601
24256,306502
24265,531301
24266,521304
24270,28302
24275,511201
24280,307601
24286,413102
24288,29401
24296,531601
24306,702701
24308,885201
24310,23401
24312,12201
24316,420902
24317,705902
24322,904201
24324,621102
24341,28302
24343,414901
24348,13202
24364,871101
24368,511401
24378,812201
24381,811501
24385,702501
24388,221301
24391,521304
24393,24404
24403,221301
24415,307601
24419,306701
24422,413201
24426,561501
24427,231301
24431,885101
24435,31501
24441,231301
24449,122104
24452,23401
24457,213001
24465,307601
24466,702301
24474,702701
24482,521304
24486,301113
24492,140701
24495,522201
24497,413202
24499,155303
24503,306901
24505,121105
24507,306301
24511,140701
24516,413101
24517,306601
24519,14103
24540,623001
24543,14103
24550,306701
24557,159104
24559,521303
24562,871101
24565,415301
24629,621101
24636,155305
24637,531701
24639,306101
24643,613001
24654,22201
24655,512301
24658,511301
24660,158501
24666,32201
24675,885101
24678,511101
24681,411202
24684,561501
24696,240101
24697,811901
24702,232101
24704,531701
24711,511502
24718,231301
24720,903101
24722,306101
24724,32501
24730,550101
24736,811901
24748,411202
24753,306902
24754,884101
24758,12402
24759,702502
24760,705201
24763,511401
24767,621202
24774,23201
24797,885101
24807,511401
24811,511501
24818,621301
24825,615701
24830,701602
24844,14103
24848,413102
24849,812101
24851,420403
24854,14103
24855,32301
24865,231301
24878,411202
24880,811601
24881,12401
24882,871101
24887,531701
24891,155106
24898,413202
24906,623001
24910,306904
24915,306502
24928,23401
24934,32301
24937,159104
24940,884102
24950,221301
24954,306902
24955,413201
24973,303001
24978,811201
24979,231102
24980,420301
24981,512301
24982,158501
24988,212201
24990,623002
24992,414901
24999,31501
25001,31501
25009,232101
25013,140201
25040,532401
25041,413102
25050,811301
25052,413101
25056,31102
25063,621202
25070,214201
25072,411202
25083,512301
25103,155305
25104,240101
25109,156101
25110,159104
25113,623001
25116,884101
25121,29401
25123,303002
25126,29901
25127,702201
25128,307601
25140,23401
25142,511402
25147,884201
25156,306601
25168,884101
25171,621102
25173,811501
25179,413202
25180,884201
25181,306904
25190,122103
25192,420401
25198,232101
25199,31401
25201,885101
25202,29401
25204,22201
25207,411202
25208,531301
25214,413101
25235,621402
25246,33201
25249,531601
25270,702301
25272,153104
25275,811201
25276,232101
25277,511101
25291,306901
25294,511302
25300,131201
25308,159104
25312,306701
25328,871101
25336,301108
25340,304003
25356,511101
25357,31501
25366,31501
25370,531701
25373,302001
25379,705902
25381,883101
25389,811501
25392,420301
25393,158501
25401,702201
25409,305001
25410,158501
25416,511101
25423,23101
25435,702601
25436,306101
25441,531601
25443,512301
25444,29401
25455,307601
25458,705902
25459,413101
25460,232901
25464,306903
25466,414901
25474,623002
25487,511402
25491,521304
25495,28302
25500,511101
25504,702501
25506,31302
25520,240102
25523,624401
25525,232101
25528,550101
25535,33201
25539,521304
25546,511401
25562,420101
25563,414901
25564,23401
25566,623001
25572,420402
25575,212301
25580,811401
25584,22201
25589,306502
25590,306904
25593,705901
25597,811601
25603,212301
25607,420401
25612,14103
25627,623001
25628,13201
25632,306901
25636,511402
25647,140204
25649,306903
25653,871101
25668,303001
25670,155305
25686,307301
25694,512301
25695,512301
25696,884201
25697,307301
25704,155305
25706,621101
25709,415404
25712,304003
25713,23101
25714,811201
25720,140501
25732,413201
25734,140701
25735,511501
25736,306201
25748,702401
25769,414901
25782,550101
25784,303002
25791,212201
25795,511501
25806,812401
25810,306901
25811,301401
25814,155305
25818,306903
25819,303001
25822,307301
25824,511101
25828,307301
25830,22201
25833,23402
25839,621101
25846,531301
25849,306601
25853,621203
25854,306101
25856,306401
25862,13201
25864,705902
25876,303002
25879,155501
25884,31301
25885,13203
25899,306101
25900,521304
25905,306903
25924,703101
25925,413102
25928,136001
25933,306904
25939,885101
25940,705902
25944,29201
25952,13202
25960,29501
25965,562101
25970,13201
25981,532401
25987,306601
25990,415301
25995,531301
26005,811501
26009,615203
26011,621401
26013,702501
26016,621401
26026,158501
26028,511501
26031,158401
26034,306903
26035,621401
26037,541301
26041,812902
26052,221401
26056,306201
26062,621101
26069,13203
26073,701501
26080,306902
26098,301401
26100,306502
26113,811901
26115,812201
26121,306201
26122,31501
26129,140101
26134,29902
26140,212301
26147,420403
26155,885201
26165,221301
26174,12201
26179,812201
26193,307401
26195,811201
26199,155106
26201,306902
26205,302001
26206,307301
26208,306901
26210,307601
26212,621401
26215,306101
26222,531301
26224,301401
26228,511501
26232,821101
26234,136001
26240,232901
26245,306902
26246,33202
26253,702201
26262,33201
26271,420301
26292,133901
26293,811601
26304,306101
26323,511402
26335,31301
26341,303002
26365,415301
26368,532401
26372,212301
26374,306101
26376,301401
26379,420401
26385,29201
26400,885201
26401,212301
26408,306701
26409,306502
26419,32301
26431,13305
26436,31301
26439,31501
26443,221301
26449,240102
26463,306901
26470,305001
26495,420101
26497,511402
26499,812201
26504,307401
26510,306502
26521,240102
26526,705901
26527,413101
26528,550101
26537,306101
26542,623001
26546,512301
26553,811201
26555,134101
26563,303001
26568,302001
26572,532401
26575,307601
26580,871101
26585,532401
26588,862201
26594,420901
26604,221401
26605,305001
26606,621401
26612,883101
26617,511402
26620,140204
26624,302001
26641,702701
26646,885101
26651,623001
26660,702501
26669,33201
26688,561501
26689,23401
26697,622101
26701,31101
26710,33202
26736,705902
26738,306701
26764,232101
26781,306502
26782,122103
26784,511401
26788,811901
26793,701301
26795,621403
26798,29902
26808,306502
26810,621401
26812,621403
26823,302001
26827,240102
26832,702401
26833,303001
26835,212301
26838,29902
26841,621403
26850,302001
26851,305001
26853,33201
26870,705902
26871,231102
26875,621403
26877,420401
26886,823101
26893,511501
26900,903101
26902,231102
26919,621301
26943,134201
26952,705902
26957,885101
26958,307301
26960,413201
26961,531301
26968,811901
26975,531501
26977,615701
26985,512102
26991,531501
26993,31301
26997,511402
26999,621401
27005,307301
27011,532401
27015,305001
27016,24404
27038,511401
27049,302001
27056,29902
27058,884102
27060,302001
27063,512102
27064,29902
27066,305001
27068,29902
27083,306101
27088,306101
27092,702201
27095,420101
27105,132004
27127,307501
27128,303002
27133,140701
27138,221301
27153,841201
27155,306301
27173,511301
27177,413201
27185,306201
27186,413101
27189,702601
27192,231201
27194,307401
27196,811201
27203,885101
27213,415202
27214,511401
27217,307301
27218,622101
27225,811101
27232,420301
27233,885101
27239,133901
27247,701602
27248,885101
27253,306901
27255,134102
27258,304003
27261,306501
27266,140301
27269,531501
27273,306903
27279,158402
27284,156201
27288,812301
27296,811201
27299,414703
27308,414201
27310,301102
27313,813101
27317,521304
27326,611001
27327,705902
27337,823301
27344,23101
27351,306502
27358,155106
27363,240201
27365,305001
27370,306502
27375,306201
27376,158402
27379,306601
27382,811501
27384,623002
27386,522101
27387,306902
27389,420101
27400,811501
27401,884201
27407,621401
27409,531301
27413,531201
27416,704001
27417,871101
27421,155305
27437,306902
27444,214401
27449,871101
27450,511101
27454,212301
27460,511302
27468,306401
27471,221301
27473,811201
27480,414701
27482,131101
27488,531301
27490,306101
27491,541101
27502,531601
27505,301401
27516,213001
27526,512301
27528,622304
27533,22201
27542,531401
27546,301301
27551,301301
27554,871101
27558,611001
27562,623001
27569,158402
27572,136001
27575,13202
27576,622201
27581,221401
27586,612501
27593,511301
27594,414201
27596,307401
27605,702301
27618,306401
27619,882101
27621,550101
27626,155501
27629,303002
27636,512102
27647,213001
27651,213001
27657,511201
27663,531501
27664,303001
27670,825101
27672,622101
27678,873101
27679,702601
27682,550101
27687,29903
27693,511301
27699,302001
27701,511302
27712,155106
27719,705902
27721,550101
27744,413202
27746,420301
27773,413202
27777,511502
27779,811601
27780,301106
27782,621401
27783,306501
27790,22201
27795,511401
27802,302001
27808,881101
27830,705902
27837,306701
27841,133204
27846,29903
27851,307301
27862,110105
27867,221401
27870,306601
27875,814001
27876,511401
27877,420301
27881,307401
27885,301401
27888,306201
27891,31302
27894,702101
27895,303001
27901,702201
27902,623001
27906,140601
27915,22201
27922,301301
27924,871101
27930,705902
27935,531501
27936,306401
27940,811401
27944,811501
27953,882201
27959,420301
27963,306903
27971,212301
27972,153103
27978,306601
27980,816103
27983,511402
27985,705101
27987,23201
27991,306601
27993,22103
27997,307301
28006,301301
28011,811501
28027,611001
28030,511501
28034,413201
28044,301106
28048,13202
28050,306502
28052,305001
28053,23401
28054,531701
28055,33201
28067,133204
28071,901301
28081,871101
28087,811101
28097,133901
28099,301301
28101,301103
28102,153202
28103,24203
28105,306502
28108,240101
28111,307601
28115,623002
28121,33201
28128,881101
28129,306101
28133,811101
28135,306903
28140,511402
28147,221301
28152,153204
28169,414701
28191,701501
28192,821101
28197,23101
28200,22201
28216,240201
28218,521304
28222,22201
28223,23201
28224,612501
28227,306501
28236,416105
28237,511101
28238,623002
28247,531401
28264,306701
28266,811601
28267,231301
28271,882101
28272,531601
28276,13201
28289,511301
28301,702502
28302,521303
28305,531501
28306,140101
28309,140601
28319,13201
28324,412002
28335,705902
28337,29202
28341,512301
28352,511302
28355,531301
28360,307501
28361,212201
28363,622101
28364,155102
28369,307401
28372,231201
28375,306502
28376,701602
28377,511301
28381,157101
28383,301111
28385,133204
28391,140101
28392,621403
28411,702502
28414,212301
28415,23201
28416,306904
28417,153102
28419,702601
28421,24404
28422,623001
28432,22201
28438,151107
28442,531301
28444,306502
28445,813101
28446,885101
28447,306401
28452,701701
28456,622101
28460,621403
28463,231301
28469,303002
28470,306301
28473,511502
28479,701701
28482,307601
28487,622101
28493,307401
28495,621403
28499,306101
28502,307601
28506,22103
28507,701602
28508,702502
28509,23401
28511,157101
28514,140501
28532,132002
28533,511101
28534,511501
28536,307501
28537,511302
28539,612501
28541,306101
28546,623002
28551,531501
28553,702601
28555,22103
28560,702601
28568,705201
28572,531601
28586,231301
28589,134302
28590,134102
28591,22103
28598,623002
28601,22202
28602,155305
28611,702701
28617,231301
28621,221301
28624,307501
28627,155106
28629,221401
28634,140101
28644,23101
28650,301301
28652,24203
28654,303001
28655,213001
28660,302001
28664,413201
28665,812301
28669,621402
28674,511401
28686,155102
28688,306101
28694,703101
28698,862201
28705,23201
28714,811101
28718,813201
28720,306901
28724,140101
28725,705902
28729,13203
28731,231401
28732,306701
28733,306904
28735,306601
28738,29903
28739,701501
28743,23101
28745,511302
28747,416203
28748,811601
28749,306301
28755,23101
28758,307501
28774,621102
28779,622101
28781,885101
28782,811201
28783,420301
28786,307601
28792,140201
28794,140601
28796,531601
28802,703101
28806,302001
28819,420101
28822,23201
28823,306301
28824,622304
28826,531301
28848,812301
28851,302001
28852,231201
28854,307501
28882,221401
28889,29903
28891,413201
28899,140306
28908,33202
28909,306401
28911,32101
28914,812301
28915,23101
28920,884201
28921,155102
28924,301401
28929,702301
28940,413201
28945,155102
28953,33202
28954,24301
28958,213001
28960,522101
28966,29903
28969,305001
28974,307401
28981,153204
28984,134102
28985,413101
28987,884101
28988,306502
28991,511302
28992,701602
29004,307601
29010,811501
29016,823301
29019,304003
29025,531501
29028,705901
29029,512301
29030,420301
29032,215105
29034,24203
29040,306903
29043,705901
29052,29401
29057,303001
29061,24203
29065,134302
29072,301102
29073,155501
29076,22201
29077,414201
29079,884201
29085,13202
29089,531301
29092,702502
29094,306502
29102,22103
29105,221301
29108,511402
29115,813201
29120,701501
29121,23201
29123,23101
29132,511302
29133,307401
29136,22103
29140,306901
29153,13201
29166,301105
29177,306903
29179,624201
29184,212901
29198,511401
29200,32501
29201,306401
29208,623002
29209,306902
29210,306101
29211,621101
29217,833001
29222,702501
29227,702201
29229,307301
29243,306501
29250,531401
29256,213001
29260,155106
29264,306501
29268,415503
29269,156201
29281,623001
29286,511302
29288,811901
29290,420403
29294,881101
29299,612501
29302,884201
29307,705901
29308,623002
29309,306201
29314,240102
29317,33201
29331,155102
29341,881101
29354,155305
29357,22201
29359,303002
29367,306901
29371,416105
29374,812301
29375,155301
29377,531401
29389,151107
29402,23401
29403,155305
29405,704001
29407,140602
29412,29401
29413,29903
29432,813101
29437,611001
29442,622101
29446,231301
29447,811901
29455,414201
29458,884201
29463,413201
29464,705902
29465,420301
29467,33202
29469,303001
29471,531301
29477,14103
29478,882201
29484,881101
29485,306301
29486,511302
29487,306601
29492,511302
29495,812301
29500,622101
29507,532401
29513,303001
29518,885101
29524,307501
29526,306701
29527,611001
29528,703101
29529,306401
29530,28302
29531,841101
29532,811501
29534,29902
29535,23401
29536,221301
29543,231201
29551,140301
29555,304003
29557,153202
29560,306301
29571,812301
29575,302001
29577,416701
29578,140602
29591,221301
29594,221401
29605,23201
29611,307301
29620,151105
29622,703101
29629,221401
29634,231301
29648,704001
29649,704001
29654,303001
29655,155106
29664,304003
29669,512301
29670,221301
29676,622101
29678,414201
29683,702501
29684,22201
29689,134302
29690,511402
29697,522101
29699,522101
29700,811901
29712,156201
29730,822301
29742,307301
29750,702101
29754,812901
29760,624201
29767,231101
29768,303002
29777,885101
29779,531701
29781,811501
29782,231301
29783,561501
29786,306401
29791,611001
29796,212201
29802,511502
29813,813101
29830,531301
29832,304003
29833,623001
29836,611001
29839,303002
29840,306101
29849,305001
29851,811501
29856,155501
29858,307301
29864,240102
29872,511401
29875,705901
29877,812301
29882,306301
29886,301401
29891,134302
29903,303002
29906,512301
29907,306701
29909,13201
29913,24203
29919,511301
29924,306401
29926,22201
29930,23201
29933,811501
29935,306201
29937,612501
29939,702401
29944,134101
29945,303002
29952,158402
29957,901301
29959,521304
29960,531501
29966,122301
29970,416501
29974,871101
29980,612501
29993,110105
29994,158402
29998,702502
30002,561501
30026,306903
30028,306903
30030,306601
30032,140205
30045,33201
30046,158501
30053,420401
30054,14103
30057,301110
30059,413202
30060,213001
30068,221301
30072,882301
30074,511301
30077,14103
30081,550101
30085,32201
30089,303002
30094,812301
30095,306101
30099,612501
30104,301301
30111,884201
30117,703101
30119,122103
30120,306903
30128,155305
30138,531601
30151,306901
30164,307601
30169,304003
30172,221401
30174,301103
30175,811501
30177,22202
30180,155102
30189,413201
30192,302001
30194,215105
30195,301101
30200,158201
30208,703101
30209,306502
30216,303001
30220,306201
30222,705201
30224,884201
30226,622201
30236,132002
30243,231301
30244,871101
30248,23201
30250,621401
30255,701501
30258,221401
30269,33202
30273,307401
30282,531501
30283,304003
30285,32101
30286,13201
30288,871101
30293,306903
30295,511301
30307,306601
30316,621102
30324,306901
30329,531301
30337,140204
30341,420301
30349,31201
30352,623001
30360,155106
30369,531201
30377,215105
30382,306902
30388,306401
30391,413201
30409,301301
30413,140101
30416,13203
30418,140601
30419,306502
30431,153202
30434,531401
30435,550101
30447,701501
30455,306101
30478,622304
30479,561501
30480,307501
30482,305001
30492,213001
30494,134302
30496,511101
30511,22103
30518,531301
30525,306301
30526,153301
30527,531501
30528,13201
30530,155305
30534,511301
30541,306601
30542,303002
30544,621403
30550,212301
30552,306301
30553,155102
30555,621403
30560,512301
30574,29202
30579,158501
30581,414201
30590,213001
30595,413101
30596,140602
30598,140602
30599,811901
30600,29902
30604,811501
30605,155305
30607,611001
30613,33201
30619,133204
30621,23101
30630,231201
30647,702502
30650,231301
30665,420401
30667,621102
30668,29902
30678,415201
30680,221401
30686,306501
30692,307501
30696,306903
30702,862201
30703,156201
30705,512301
30711,213001
30712,306101
30714,811501
30716,231301
30720,140601
30729,23401
30738,531301
30741,415301
30745,306901
30751,158401
30752,550101
30755,307601
30757,231201
30770,306901
30776,23401
30779,306201
30782,623001
30788,414201
30791,621403
30793,153101
30796,415201
30797,306501
30800,221401
30801,151107
30804,221401
30807,306501
30816,306903
30818,623001
30825,307401
30826,301401
30829,155305
30830,155106
30842,882201
30849,550101
30855,110104
30857,531201
30864,414201
30873,22201
30882,158501
30884,307501
30900,133204
30905,303002
30906,812901
30907,212301
30925,301301
30928,307501
30934,812301
30935,511402
30946,14103
30948,155305
30954,134302
30956,134101
30958,213001
30962,621401
30963,531501
30970,221401
30971,306903
30974,812301
30978,140601
30980,22103
30981,531501
30985,812301
30987,231301
30988,307601
30993,621403
30996,29902
31003,413201
31006,413201
31010,623002
31016,221301
31018,140601
31024,814001
31026,813201
31036,240102
31037,522101
31056,863101
31057,522101
31062,901401
31063,612501
31081,612501
31085,303002
31089,134302
31092,833001
31097,512102
31104,705901
31125,13203
31128,29401
31134,705902
31148,306201
31157,623001
31166,302001
31172,873101
31180,33202
31188,871101
31194,304003
31196,306502
31199,306901
31200,23101
31205,22201
31206,151108
31208,550101
31216,158501
31217,301301
31224,811601
31225,701602
31228,702201
31231,306501
31236,155106
31240,29903
31242,306101
31243,531501
31249,306902
31258,531401
31279,33201
31282,815001
31283,621101
31288,23101
31290,622304
31292,522101
31294,303001
31295,306401
31302,307301
31303,531701
31305,134302
31306,32501
31310,301401
31320,705902
31322,307301
31323,511401
31325,612501
31327,306904
31336,550101
31337,305001
31346,882201
31347,307301
31364,306501
31367,306901
31375,140304
31379,306301
31391,882201
31396,884201
31406,303002
31407,133205
31411,158201
31414,305001
31416,307501
31425,306901
31431,306101
31436,306101
31440,841101
31442,307601
31452,306903
31460,621901
31471,611001
31477,704001
31481,29902
31482,511301
31487,13203
31491,231301
31495,703101
31500,621401
31502,23201
31504,812301
31505,302001
31509,622101
31512,301102
31514,621901
31515,304003
31516,307501
31518,511401
31526,881101
31534,301401
31553,531501
31561,621401
31578,811201
31599,613001
31606,306903
31608,307501
31610,131201
31622,413202
31633,621101
31643,704001
31644,140602
31647,307401
31656,704001
31658,24203
31660,811101
31663,231201
31664,622101
31667,811501
31671,611001
31682,531201
31688,155501
31689,156201
31691,151105
31692,531701
31695,221301
31700,511101
31702,23101
31705,420101
31707,703101
31713,823301
31718,306201
31721,420202
31727,140701
31730,33201
31731,140204
31732,306902
31733,812401
31743,22103
31750,304003
31752,420401
31769,413202
31770,303001
31773,623001
31777,140304
31788,155106
31795,133204
31799,29902
31802,301101
31814,882201
31817,621102
31818,221401
31833,134101
31836,621101
31837,612501
31847,621101
31848,884201
31852,13202
31857,133901
31861,511502
31865,811201
31866,29202
31869,221401
31876,522101
31886,811101
31897,140101
31903,863101
31904,884201
31913,413201
31914,531501
31917,812301
31922,307401
31929,13305
31934,307501
31935,140601
31944,623002
31945,531201
31950,240102
31954,29903
31961,704001
31970,511501
31974,306904
31983,414201
31986,621401
31997,212201
32002,151102
32004,550101
32009,155102
32015,307501
32017,212201
32021,621901
32022,622304
32027,32501
32032,621403
32038,306201
32041,24203
32042,306903
32046,304003
32051,221401
32057,812301
32066,306401
32067,306401
32069,23401
32077,302001
32079,154101
32092,511101
32095,304003
32140,521303
32147,14103
32154,531101
32162,303001
32169,511101
32185,155305
32196,306501
32207,23401
32209,140204
32210,134102
32216,213001
32217,811901
32220,835101
32226,531201
32228,301113
32230,231201
32231,531701
32246,33202
32247,822301
32248,811501
32262,31302
32264,623001
32265,122104
32269,511401
32277,512301
32279,511402
32289,811901
32290,155501
32297,621403
32299,511502
32313,306401
32328,28101
32329,512301
32335,155305
32337,511501
32341,414201
32344,885101
32350,231301
32352,301301
32354,882201
32356,29202
32357,306502
32358,301112
32361,136001
32364,306501
32366,420202
32372,531301
32400,420402
32403,151108
32404,621101
32411,213001
32424,140601
32427,621401
32443,215105
32444,29903
32451,413202
32457,901401
32459,815001
32462,303001
32464,611001
32479,306502
32481,882201
32492,306701
32493,155305
32507,29401
32509,623002
32511,301103
32522,901401
32526,240102
32527,306501
32532,301103
32534,702601
32539,302001
32546,871101
32551,811501
32557,212301
32558,812301
32567,812301
32591,13201
32595,307401
32598,23401
32608,531101
32613,307301
32619,512301
32639,158501
32643,110104
32647,215105
32649,110105
32651,531701
32659,23201
32663,23401
32669,155306
32672,871201
32673,884101
32678,701501
32684,301103
32685,414701
32691,22201
32693,420301
32699,303001
32706,701501
32708,420101
32720,213001
32724,306502
32726,307301
32733,621102
32738,703101
32746,414201
32754,306401
32758,623001
32763,701501
32775,823301
32780,140101
32784,624201
32789,882201
32791,811501
32795,306901
32796,303001
32799,306101
32815,306502
32818,140501
32819,22103
32827,621401
32831,307501
32833,811501
32835,521304
32836,511502
32838,303001
32840,133205
32852,841101
32855,413201
32863,110105
32864,812901
32868,611001
32870,158402
32876,134302
32879,23401
32880,621403
32883,822301
32885,420401
32893,31302
32896,623002
32909,702201
32924,811201
32925,23401
32943,155106
32955,29902
32957,863101
32964,306501
32967,155102
32969,29903
32970,33202
32973,140602
32978,705901
32981,705201
32982,531501
32987,701501
33002,305001
33003,811901
33018,140501
33039,303002
33044,12401
33050,29903
33054,414703
33057,511402
33058,884201
33060,307301
33068,240101
33072,306401
33073,134102
33078,420101
33080,306902
33081,702601
33087,623002
33089,702401
33097,882101
33099,155102
33107,531401
33126,23101
33128,140101
33138,705902
33144,702301
33145,306901
33151,621101
33164,302001
33165,306902
33170,133205
33178,155102
33183,702601
33184,822301
33199,621401
33204,623002
33206,871101
33208,13203
33210,701602
33222,140601
33227,212201
33228,621401
33249,23201
33252,307601
33254,701602
33261,23101
33262,811201
33264,301401
33280,812301
33281,231201
33288,110105
33289,301101
33293,511101
33298,155501
33303,863101
33304,522101
33311,531401
33312,413202
33314,884101
33316,306201
33319,307301
33324,305001
33336,611001
33337,140205
33339,140601
33341,811101
33343,306902
33344,306401
33352,231201
33356,303001
33360,301401
33364,158402
33371,612501
33372,307601
33375,29202
33376,140501
33393,31201
33405,701601
33406,140501
33407,531601
33413,140601
33415,531701
33417,24404
33429,157101
33430,823301
33431,306904
33432,158501
33439,213001
33453,110105
33455,212301
33464,511402
33471,33201
33472,611001
33479,23101
33496,231301
33497,306601
33501,306101
33503,305001
33507,306903
33509,413201
33512,158402
33515,420101
33523,305001
33525,816103
33531,134102
33548,413201
33550,140304
33556,550101
33561,306601
33563,29903
33576,512301
33577,29903
33578,140101
33590,133901
33591,122301
33598,511502
33602,301401
33617,511101
33624,621402
33630,22201
33633,612201
33634,155102
33636,881101
33637,305001
33644,413202
33645,512301
33651,415301
33652,140501
33656,33201
33661,303001
33672,531601
33673,231401
33680,705201
33685,23101
33686,110105
33691,13203
33694,22103
33695,612501
33702,420301
33703,33201
33709,531501
33716,511401
33718,307601
33732,306201
33733,702101
33737,811201
33741,621403
33748,306201
33749,621403
33754,301301
33757,301107
33761,33201
33769,134102
33771,307601
33779,301401
33785,413101
33786,301102
33790,702101
33800,306401
33810,155501
33811,213001
33812,413201
33815,704001
33843,306201
33845,416203
33850,29401
33864,301110
33871,301108
33875,901401
33881,420301
33893,231201
33902,303002
33906,702201
33908,702301
33912,511502
33915,512301
33919,621101
33920,621101
33922,531501
33923,306901
33925,531501
33938,621403
33939,531601
33943,301110
33944,301110
33957,621102
33968,306301
33972,306701
33975,814001
33979,414703
33983,305001
33992,863101
33993,155305
33996,140301
34004,302001
34010,812301
34011,415201
34012,705902
34019,132002
34021,702201
34023,22201
34024,305001
34037,155305
34041,413202
34053,140101
34056,134102
34069,621401
34080,872101
34114,33201
34115,134101
34116,511302
34117,221301
34121,705901
34122,622201
34141,622101
34144,23201
34145,413101
34149,821201
34155,212101
34156,13202
34170,522201
34173,531301
34180,301103
34184,306902
34190,511301
34205,511402
34206,301111
34208,511302
34209,816103
34210,420401
34214,307301
34219,110105
34235,140201
34239,531201
34242,702301
34247,420202
34255,811101
34256,702201
34258,703101
34259,622101
34275,33202
34282,521303
34290,701602
34301,231201
34304,301301
34309,221301
34313,415101
34316,702201
34318,301101
34336,306301
34338,621101
34340,414201
34345,420401
34353,221301
34359,701501
34365,29401
34379,23201
34380,825101
34381,531301
34387,531601
34392,24203
34393,811101
34397,414201
34400,134102
34403,624101
34407,612201
34408,140602
34410,511301
34413,705902
34416,414703
34424,212301
34429,811101
34434,701601
34437,158401
34440,140601
34441,882201
34447,811201
34451,13203
34452,702501
34453,702201
34456,813101
34457,232901
34459,306601
34460,158402
34469,302001
34477,413102
34483,307401
34492,531601
34515,511301
34518,13202
34519,240102
34521,306601
34524,531601
34525,122104
34545,32101
34571,522101
34572,156201
34577,512301
34585,701602
34589,24203
34590,14103
34591,212901
34593,307401
34594,33201
34596,531601
34601,512301
34617,511501
34623,511402
34634,155106
34635,232901
34642,621101
34645,841101
34646,158501
34648,612201
34652,33201
34662,702601
34668,306401
34681,416102
34689,812901
34691,302001
34696,140701
34698,511301
34708,153202
34725,29903
34728,841101
34731,232901
34734,306901
34738,306401
34740,511502
34743,622201
34745,621102
34747,621102
34756,306901
34761,306701
34782,531601
34783,611001
34792,825101
34796,415502
34798,14103
34810,511402
34830,704001
34833,871101
34839,306601
34840,622101
34854,814001
34855,621901
34865,816103
34866,140501
34883,531701
34903,621401
34904,122301
34913,621101
34915,871101
34941,532401
34943,110105
34948,23401
34950,622304
34951,306301
34961,531701
34975,703101
34988,623002
34994,23401
34997,420401
35001,812901
35015,511402
35026,306301
35038,32101
35042,621101
35046,701701
35047,871101
35058,32101
35065,621401
35074,622304
35075,622201
35084,240101
35086,704001
35096,110105
35097,702501
35100,307401
35104,33201
35108,705902
35112,31102
35116,140301
35126,811201
35137,33201
35142,811201
35152,153202
35157,153301
35158,158201
35159,306301
35178,140501
35181,32101
35186,702201
35190,622304
35191,307401
35192,158201
35193,705902
35194,140501
35195,29401
35207,702201
35213,705902
35231,811201
35235,702201
35241,29401
35244,833001
